<?xml version="1.0" encoding="UTF-8"?>
<project-private xmlns="http://www.netbeans.org/ns/project-private/1">
    <editor-bookmarks xmlns="http://www.netbeans.org/ns/editor-bookmarks/2" lastBookmarkId="0"/>
    <open-files xmlns="http://www.netbeans.org/ns/projectui-open-files/2">
        <group>
            <file>file:/C:/Users/anura/Documents/NetBeansProjects/OSProject/src/osproject/Calculator.java</file>
            <file>file:/C:/Users/anura/Documents/NetBeansProjects/OSProject/src/osproject/Notepad.java</file>
            <file>file:/C:/Users/anura/Documents/NetBeansProjects/OSProject/src/osproject/Terminal.java</file>
            <file>file:/C:/Users/anura/Documents/NetBeansProjects/OSProject/src/osproject/Home.java</file>
            <file>file:/C:/Users/anura/Documents/NetBeansProjects/OSProject/src/osproject/Filemanager.java</file>
            <file>file:/C:/Users/anura/Documents/NetBeansProjects/OSProject/src/osproject/Scheduling.java</file>
        </group>
    </open-files>
</project-private>
